Salesperson ID,First Name,Last Name,Email,Job Title
aa5049e3-0106-47c9-9e74-7436545a6634,Bonny,Stollwerk,bstollwerk0@princeton.edu,Tax Accountant
99ef0db2-7a55-4259-87d1-c20e7b59da09,Dionysus,Winterflood,dwinterflood1@altervista.org,Nuclear Power Engineer
570e2c25-e894-4cf8-82e2-1e4dd531848e,Dre,Philip,dphilip2@multiply.com,Senior Developer
c11ebc3b-0c68-4dd6-81a5-e0464eb22dc7,Ranee,Mayo,rmayo3@webs.com,Executive Secretary
d678eb0b-e10d-48c7-b1ac-eae5c161f813,Mame,Berrecloth,mberrecloth4@reuters.com,Geologist II
d4abd89a-53aa-4a52-b351-bcde650c0c51,Ginnifer,Schoolfield,gschoolfield5@alexa.com,VP Quality Control
432014f8-f06a-4ce6-82cd-0e05d529a689,Curt,Dargie,cdargie6@wisc.edu,Dental Hygienist
eb1172ab-7521-477e-9f97-1d80ae139a3f,Wallace,Wehnerr,wwehnerr7@php.net,Systems Administrator II
b6e05f49-cb3d-4fef-ba5e-27bd246707eb,Tom,Pawelczyk,tpawelczyk8@usnews.com,Financial Analyst
c82f903e-724a-4fae-8044-66fd8052b3cf,Gypsy,Enevold,genevold9@netvibes.com,Financial Advisor
7bb5c9fd-1fa6-4930-93a7-6f8cb837a188,Kimbell,Wakelam,kwakelama@dedecms.com,Staff Scientist
13b854ff-66a8-4c79-956a-4145f7e63262,Vickie,Bembrigg,vbembriggb@nbcnews.com,Automation Specialist IV
bea4bde5-a425-4363-9e29-aa521fc02b24,Sabrina,Gault,sgaultc@google.ru,VP Product Management
6e31b1c4-610e-4085-bda1-486898215e7a,Noe,Whiten,nwhitend@technorati.com,Community Outreach Specialist
1853139a-5812-4192-8ede-dc4c36aa500c,Ebeneser,Shovelton,eshoveltone@wikispaces.com,Senior Editor
79ae8df1-65d0-41c2-977c-e94ee9a05cb0,Lion,Handrok,lhandrokf@discovery.com,Quality Control Specialist
18a9d708-4288-407c-8dba-df1e6ede8671,Rochelle,Hentzer,rhentzerg@twitter.com,Account Coordinator
8204cd0c-0911-4e5e-b546-362b111ef02f,Leia,Maxweell,lmaxweellh@e-recht24.de,Mechanical Systems Engineer
2bba2052-8dd8-4641-882a-cf489c21006b,Rhonda,Collingwood,rcollingwoodi@washington.edu,VP Sales
990afd51-3a7f-4d58-9913-2ff1e78addc6,Joannes,Sandford,jsandfordj@washington.edu,Quality Engineer
0bc51081-70a7-4ab5-b78a-de77dece2bdf,Minna,Moncrefe,mmoncrefek@bloglovin.com,Systems Administrator I
82c19717-dd9b-4b8a-96eb-f7cb8d4edf97,Danyette,Sanney,dsanneyl@bing.com,Quality Engineer
57ffbb43-bf00-41bc-b14b-8742ef3ce513,Chandra,Ofener,cofenerm@utexas.edu,Systems Administrator II
1cfc7ef8-8f03-4732-a7f4-2de6d6f459cf,Jodi,Shillito,jshilliton@ed.gov,Recruiting Manager
3b6ebec6-84e1-4b02-99b9-220f3c81008e,Jessamine,Burnage,jburnageo@deviantart.com,VP Product Management
b2d26eff-6a8b-4236-ab18-2fa189000997,Teresina,Ong,tongp@google.com.au,Staff Scientist
007a00d6-a8fb-418e-9739-449895c0e26c,Patric,Fine,pfineq@nifty.com,Assistant Manager
14c56c1d-34bf-4422-b66e-79509c3c61e4,Ruddie,Copland,rcoplandr@amazon.co.uk,Assistant Media Planner
a4651634-519f-43b3-a2ad-70992e520f65,Kippie,Hugk,khugks@economist.com,GIS Technical Architect
21083e66-351d-4f6e-998d-52875e699ecd,Enriqueta,Blackbourn,eblackbournt@wikia.com,Clinical Specialist
55634a7c-5680-4427-8a4e-b375a2c0fc4a,Jessalyn,Giacopini,jgiacopiniu@bing.com,Human Resources Manager
1bd1ad4d-5e32-4149-ada1-f57e566afb11,Evania,Pope,epopev@foxnews.com,Professor
fb965a61-c325-4154-b43c-dd0ef712736c,Chad,MacVay,cmacvayw@slideshare.net,Dental Hygienist
e7f7958e-287a-4942-94f3-13c3126f0a27,Elenore,Flay,eflayx@guardian.co.uk,Web Designer IV
edc1338f-45a7-4b12-bb61-14af51c12d33,Ewan,Hambly,ehamblyy@so-net.ne.jp,Business Systems Development Analyst
b529265c-1787-47fc-8ac5-c6db2ae09a41,Ki,Newson,knewsonz@guardian.co.uk,Safety Technician III
dcb10021-4ada-484b-9cdb-2fed018f168e,Cordelie,Haly,chaly10@ca.gov,Analyst Programmer
6e8b25c8-73ff-41b4-8615-f32024af7f45,Marion,Philippsohn,mphilippsohn11@vinaora.com,Data Coordiator
bdf90bd4-11a8-4b70-b82e-9e2338397662,Eloisa,Bulstrode,ebulstrode12@hud.gov,Assistant Media Planner
a9abbd9b-ac14-4470-8957-b04f31a0862f,Noelyn,Milsted,nmilsted13@spiegel.de,Systems Administrator IV
340395f4-b898-4be2-a93d-1367928693eb,Anna-diane,Manilo,amanilo14@admin.ch,Business Systems Development Analyst
eb8dc99f-5b13-4109-b8ec-856f88d8422e,Donalt,Pentecust,dpentecust15@posterous.com,Geological Engineer
9b6fe4d5-1e6c-42e0-8b9b-d36f80745bc5,Levy,Clewes,lclewes16@godaddy.com,Director of Sales
e203775e-da83-486a-8ec3-9b0eaf1f84e4,Nonnah,Sprasen,nsprasen17@chron.com,Research Associate
0c27c182-bb18-42ec-aad4-3b11d8d23575,Fielding,Mochar,fmochar18@360.cn,Graphic Designer
3d484da2-3681-48de-9868-9ca08c2f8364,Rozelle,MacNess,rmacness19@studiopress.com,General Manager
2d10e722-955e-4af7-9251-d10ecfa87ad8,Sara,McLeese,smcleese1a@soup.io,Database Administrator IV
854f6bc3-74f7-4e0a-8fe1-b3596f9a56b1,Berty,Hounsome,bhounsome1b@a8.net,Senior Quality Engineer
d6f22055-84b4-4a6f-9276-51356c646327,Griffie,Shillabear,gshillabear1c@biglobe.ne.jp,Registered Nurse
9a394959-18a6-408b-bd47-4523b65e8d1d,Cynthie,Bricklebank,cbricklebank1d@disqus.com,Senior Cost Accountant
36ec8c95-52c0-4124-a899-e3d75152f465,Rici,Peggrem,rpeggrem1e@wired.com,Senior Sales Associate
b002e4be-6c44-4ae6-a408-ebc69c4573ea,Alexandros,Jorgensen,ajorgensen1f@youku.com,Social Worker
f98c33fb-5a9b-4f46-b9d7-42aaa4603d2c,Krystle,Blaschek,kblaschek1g@dedecms.com,Occupational Therapist
66d5696b-a1c5-4d2a-8f1f-59af67842749,Baily,Spencley,bspencley1h@ifeng.com,Accountant IV
11845367-f90d-45a6-9918-c8cdf7e3af85,Lissa,Majury,lmajury1i@joomla.org,Payment Adjustment Coordinator
872d5a4e-b8e9-4650-ae43-3dabf1de0fbc,Nehemiah,Scrowton,nscrowton1j@statcounter.com,Computer Systems Analyst II
05d0bf52-6ac1-44f3-8eaf-5066b21aa6a5,Emili,Aliberti,ealiberti1k@simplemachines.org,Accounting Assistant IV
d57ddfcf-8a94-4d7c-bc9a-102fb345673e,Dita,Ogbourne,dogbourne1l@constantcontact.com,Assistant Media Planner
5f5d7779-7892-4027-b01f-994fc88644e7,Elnar,Witherow,ewitherow1m@google.com.br,Compensation Analyst
4834862b-abdc-47ca-89af-84f7606e8836,Pepita,MacAloren,pmacaloren1n@cbslocal.com,Senior Editor
3625e072-f2c1-45f8-b896-ea4068036de7,Kimmie,Simonds,ksimonds1o@google.pl,Director of Sales
f8d5e49b-2c66-46ae-aa08-502c9cd1107c,Marysa,Berriman,mberriman1p@1und1.de,Geological Engineer
6fb1c7e6-f8df-43d0-a49d-e77040039a71,Rockie,Philipeaux,rphilipeaux1q@netscape.com,Web Designer III
68614dcd-f80b-4301-97c9-799cb3098e12,Britta,Leah,bleah1r@msn.com,Project Manager
d7822725-8b5f-45be-856e-cdbae8f3bc1c,Brittaney,McJerrow,bmcjerrow1s@ow.ly,Librarian
24073bcb-e28b-4446-bb17-ef79fc47c519,Bernie,Dusting,bdusting1t@home.pl,Clinical Specialist
effff8d4-8c00-4567-8407-540b84431ce7,Sheilakathryn,Morcom,smorcom1u@goodreads.com,Financial Analyst
2f634c70-200a-49a9-ab48-d1de594e4981,Nichole,Decker,ndecker1v@pen.io,VP Accounting
00d8cd5c-2f76-4c1a-9f60-a6ff35571c78,Randy,Dibbert,rdibbert1w@vinaora.com,Senior Financial Analyst
9cd82747-d5de-418e-8879-7bb2731e4e32,Tracey,Robart,trobart1x@amazon.com,Geological Engineer
4c056347-ba53-44d7-95b0-7352c6e5881f,Viviyan,Stonnell,vstonnell1y@naver.com,Programmer II
5172ea45-4329-404b-b649-b143c2bf547d,Nichol,Ipgrave,nipgrave1z@google.de,Structural Engineer
d680adf4-371d-47da-93fe-5f05e677a05a,Noelle,Coverley,ncoverley20@ebay.com,Marketing Manager
f71db453-5776-47de-bf22-ec5b3307cda7,Eadie,Eymer,eeymer21@cloudflare.com,General Manager
6b975089-d7ac-4c5c-98cb-0aea0339343b,Janis,Raulston,jraulston22@acquirethisname.com,Budget/Accounting Analyst II
eaf7b5c6-bebe-4e02-9b2b-9484046c448f,Faith,Pingstone,fpingstone23@netvibes.com,Software Test Engineer IV
e2617d4f-2ae1-4df7-b051-891ae3627e93,Celestia,Barrim,cbarrim24@behance.net,Nurse Practicioner
aba9a397-c8dd-4079-8baf-d770d89974be,Kain,Follan,kfollan25@w3.org,Statistician II
d3719a63-8d61-48f7-8f74-058da2b39687,Thebault,Forrington,tforrington26@hexun.com,Sales Representative
2a26391b-a40b-4433-b41f-6027918c1c75,Ninetta,Lau,nlau27@bloglines.com,Research Nurse
afdbadb6-694c-44d7-b2db-eb089c3ae68b,Valeda,Waldram,vwaldram28@hibu.com,Health Coach IV
39aa850e-66d2-4dbf-af25-5462a0481ee5,Royall,Tschiersch,rtschiersch29@zimbio.com,Executive Secretary
d0a2aa24-ab6e-4b7a-bb71-9d33eda24203,Chadd,Jakovijevic,cjakovijevic2a@timesonline.co.uk,Clinical Specialist
e7c35a58-ff3a-4666-b229-fa4790a65069,Esme,De Paoli,edepaoli2b@indiegogo.com,Quality Engineer
a9d6c1ea-2fa5-4d27-ac71-d01eb4602197,Nell,Wallicker,nwallicker2c@cbslocal.com,Analyst Programmer
fd54dfb2-4758-4e64-bc53-2c112b7fe4c8,Duncan,Corradino,dcorradino2d@theatlantic.com,Help Desk Operator
392cc656-4d22-468b-b339-27633b121c76,Andre,Cassley,acassley2e@xrea.com,Administrative Officer
b9169b18-e04b-4f2c-bdf6-df25fccbda52,Max,Rossin,mrossin2f@ycombinator.com,Social Worker
955c99d6-0817-441f-874e-e5b76cb4bb47,Kalina,Schulken,kschulken2g@is.gd,Recruiting Manager
2510b16e-dd6c-4e7d-9b34-b0cac0618828,Merrielle,Cranshaw,mcranshaw2h@printfriendly.com,Occupational Therapist
d6820c7d-0ff0-4022-a41d-0ec8b736ce1e,Eleanora,Blabber,eblabber2i@desdev.cn,Chemical Engineer
33eee755-e5d9-42f2-b448-209b87486698,Audra,Gemnett,agemnett2j@ebay.com,VP Sales
5e417870-0431-4df0-b8cb-f67163d15a12,Alleyn,Van der Brugge,avanderbrugge2k@virginia.edu,Account Executive
d6b9f502-f665-4157-81e8-a3608144c6c0,Vail,Dellenty,vdellenty2l@washingtonpost.com,Associate Professor
8b06e4e5-7ffc-48a0-9b0e-2f5b2825d918,Andie,Swait,aswait2m@hubpages.com,Web Developer I
38abad40-71b1-4f33-8f62-d315d3af2046,Everard,Emanson,eemanson2n@ocn.ne.jp,Pharmacist
223bc90b-1d43-4ba9-b850-9dd00bc03be6,Jeanette,Flowers,jflowers2o@nbcnews.com,Editor
5b82635f-bb5d-4c92-a267-d47f27b9c139,Noam,Smeaton,nsmeaton2p@xing.com,Account Executive
360a8179-ed9a-434d-b8ac-c07343f327e2,Duffie,Hamblington,dhamblington2q@godaddy.com,VP Quality Control
808ab6f0-8205-440d-b4bd-42cdf678efe0,Oriana,Crosier,ocrosier2r@xinhuanet.com,Quality Engineer
